code,name
9984.T,ソフトバンクグループ株式会社
6976.T,太陽誘電株式会社
5803.T,株式会社フジクラ
6981.T,株式会社村田製作所
8306.T,株式会社三菱ＵＦＪフィナンシャル・グループ
5801.T,古河電気工業株式会社
8316.T,株式会社三井住友フィナンシャルグループ
7203.T,トヨタ自動車株式会社
8411.T,株式会社みずほフィナンシャルグループ
6525.T,株式会社ＫＯＫＵＳＡＩ　ＥＬＥＣＴＲＩＣ
7974.T,任天堂株式会社
5016.T,ＪＸ金属株式会社
7011.T,三菱重工業株式会社
6758.T,ソニーグループ株式会社
6501.T,株式会社日立製作所
8766.T,東京海上ホールディングス株式会社
8001.T,伊藤忠商事株式会社
8058.T,三菱商事株式会社
5802.T,住友電気工業株式会社
4063.T,信越化学工業株式会社
9432.T,ＮＴＴ株式会社
3436.T,株式会社ＳＵＭＣＯ
6723.T,ルネサスエレクトロニクス株式会社
6752.T,パナソニックホールディングス株式会社
8031.T,三井物産株式会社
7013.T,株式会社ＩＨＩ
5713.T,住友金属鉱山株式会社
6503.T,三菱電機株式会社
6701.T,日本電気株式会社
7012.T,川崎重工業株式会社
6954.T,ファナック株式会社
6702.T,富士通株式会社
5401.T,日本製鉄株式会社
7936.T,株式会社アシックス
9433.T,ＫＤＤＩ株式会社
6762.T,ＴＤＫ株式会社
7267.T,本田技研工業株式会社
8002.T,丸紅株式会社
9104.T,株式会社　商船三井
4502.T,武田薬品工業株式会社
8308.T,株式会社　りそなホールディングス
9101.T,日本郵船株式会社
8136.T,株式会社サンリオ
8725.T,ＭＳ＆ＡＤインシュアランスグループホールディングス株式会社
2914.T,日本たばこ産業株式会社
6330.T,東洋エンジニアリング株式会社
9501.T,東京電力ホールディングス株式会社
1605.T,株式会社ＩＮＰＥＸ
8591.T,オリックス株式会社
6301.T,株式会社小松製作所
485A.T,株式会社パワーエックス
8053.T,住友商事株式会社
3103.T,ユニチカ株式会社
3382.T,株式会社セブン＆アイ・ホールディングス
6203.T,豊和工業株式会社
7182.T,株式会社ゆうちょ銀行
9434.T,ソフトバンク株式会社
9107.T,川崎汽船株式会社
4568.T,第一三共株式会社
6506.T,株式会社安川電機
8015.T,豊田通商株式会社
8750.T,株式会社第一ライフグループ
8604.T,野村ホールディングス株式会社
6971.T,京セラ株式会社
8309.T,三井住友トラストグループ株式会社
4519.T,中外製薬株式会社
5711.T,三菱マテリアル株式会社
8267.T,イオン株式会社
7832.T,株式会社バンダイナムコホールディングス
3110.T,日東紡績株式会社
5411.T,ＪＦＥホールディングス株式会社
8630.T,ＳＯＭＰＯホールディングス株式会社
3563.T,株式会社ＦＯＯＤ　＆　ＬＩＦＥ　ＣＯＭＰＡＮＩＥＳ
4661.T,株式会社オリエンタルランド
6963.T,ローム株式会社
8473.T,ＳＢＩホールディングス株式会社
2802.T,味の素株式会社
7751.T,キヤノン株式会社
5108.T,株式会社ブリヂストン
4503.T,アステラス製薬株式会社
8801.T,三井不動産株式会社
7532.T,株式会社パン・パシフィック・インターナショナルホールディングス
6178.T,日本郵政株式会社
6326.T,株式会社　クボタ
8802.T,三菱地所株式会社
9503.T,関西電力株式会社
6361.T,株式会社荏原製作所
4901.T,富士フイルムホールディングス株式会社
5020.T,ＥＮＥＯＳホールディングス株式会社
7269.T,スズキ株式会社
6902.T,株式会社デンソー
7201.T,日産自動車株式会社
7272.T,ヤマハ発動機株式会社
4307.T,株式会社野村総合研究所
336A.T,ダイナミックマッププラットフォーム株式会社
9843.T,株式会社ニトリホールディングス
6594.T,ニデック株式会社
4755.T,楽天グループ株式会社
3350.T,株式会社メタプラネット
6526.T,株式会社ソシオネクスト
4588.T,オンコリスバイオファーマ株式会社
9697.T,株式会社カプコン
7453.T,株式会社　良品計画
4689.T,ＬＩＮＥヤフー株式会社
3659.T,株式会社ネクソン
1812.T,鹿島建設株式会社
4543.T,テルモ株式会社
6305.T,日立建機株式会社
4684.T,株式会社オービック
7270.T,株式会社ＳＵＢＡＲＵ
9020.T,東日本旅客鉄道株式会社
8729.T,ソニーフィナンシャルグループ株式会社
5334.T,日本特殊陶業株式会社
2502.T,アサヒグループホールディングス株式会社
4452.T,花王株式会社
8830.T,住友不動産株式会社
8601.T,株式会社大和証券グループ本社
6890.T,株式会社フェローテック
9502.T,中部電力株式会社
6383.T,株式会社ダイフク
6988.T,日東電工株式会社
7003.T,株式会社三井Ｅ＆Ｓ
7733.T,オリンパス株式会社
6479.T,ミネベアミツミ株式会社
4385.T,株式会社メルカリ
1925.T,大和ハウス工業株式会社
4911.T,株式会社資生堂
5019.T,出光興産株式会社
9022.T,東海旅客鉄道株式会社
7014.T,株式会社名村造船所
2503.T,キリンホールディングス株式会社
6532.T,株式会社ベイカレント
1928.T,積水ハウス株式会社
7966.T,リンテック株式会社
7261.T,マツダ株式会社
1803.T,清水建設株式会社
1802.T,株式会社大林組
5333.T,ＮＧＫ株式会社
9735.T,セコム株式会社
7911.T,ＴＯＰＰＡＮホールディングス株式会社
8331.T,株式会社千葉銀行
8697.T,株式会社日本取引所グループ
7186.T,株式会社横浜フィナンシャルグループ
6645.T,オムロン株式会社
3099.T,株式会社三越伊勢丹ホールディングス
3407.T,旭化成株式会社
4507.T,塩野義製薬株式会社
4188.T,三菱ケミカルグループ株式会社
4005.T,住友化学株式会社
3038.T,株式会社神戸物産
8795.T,株式会社Ｔ＆Ｄホールディングス
9706.T,日本空港ビルデング株式会社
2768.T,双日株式会社
6315.T,ＴＯＷＡ株式会社
5201.T,ＡＧＣ株式会社
9202.T,ＡＮＡホールディングス株式会社
5631.T,株式会社日本製鋼所
5838.T,楽天銀行株式会社
9024.T,株式会社西武ホールディングス
4704.T,トレンドマイクロ株式会社
5831.T,株式会社しずおかフィナンシャルグループ
6481.T,ＴＨＫ株式会社
4182.T,三菱瓦斯化学株式会社
2413.T,エムスリー株式会社
2801.T,キッコーマン株式会社
5101.T,横浜ゴム株式会社
4506.T,住友ファーマ株式会社
5105.T,ＴＯＹＯ　ＴＩＲＥ株式会社
8050.T,セイコーグループ株式会社
9531.T,東京瓦斯株式会社
9147.T,ＮＩＰＰＯＮ　ＥＸＰＲＥＳＳホールディングス株式会社
6227.T,ＡＩメカテック株式会社
9506.T,東北電力株式会社
4751.T,株式会社サイバーエージェント
6613.T,株式会社ＱＤレーザ
6269.T,三井海洋開発株式会社
4203.T,住友ベークライト株式会社
9532.T,大阪瓦斯株式会社
543A.T,ＡＲＣＨＩＯＮ株式会社
7202.T,いすゞ自動車株式会社
5332.T,ＴＯＴＯ株式会社
6324.T,株式会社ハーモニック・ドライブ・システムズ
4186.T,東京応化工業株式会社
6113.T,株式会社アマダ
9201.T,日本航空株式会社
4523.T,エーザイ株式会社
9021.T,西日本旅客鉄道株式会社
6834.T,株式会社　精工技研
7259.T,株式会社アイシン
9602.T,東宝株式会社
1911.T,住友林業株式会社
4440.T,株式会社ヴィッツ
6134.T,株式会社ＦＵＪＩ
6448.T,ブラザー工業株式会社
8593.T,三菱ＨＣキャピタル株式会社
3905.T,データセクション株式会社
6841.T,横河電機株式会社
3402.T,東レ株式会社
8354.T,株式会社ふくおかフィナンシャルグループ
7747.T,朝日インテック株式会社
6965.T,浜松ホトニクス株式会社
6869.T,シスメックス株式会社
3086.T,Ｊ．フロント　リテイリング株式会社
6590.T,芝浦メカトロニクス株式会社
6323.T,ローツェ株式会社
9508.T,九州電力株式会社
4183.T,三井化学株式会社
5714.T,ＤＯＷＡホールディングス株式会社
4082.T,第一稀元素化学工業株式会社
6302.T,住友重機械工業株式会社
1878.T,大東建託株式会社
9962.T,株式会社　ミスミグループ本社
8113.T,ユニ・チャーム株式会社
6141.T,ＤＭＧ森精機株式会社
8304.T,株式会社あおぞら銀行
6370.T,栗田工業株式会社
2269.T,明治ホールディングス株式会社
7167.T,株式会社めぶきフィナンシャルグループ
6724.T,セイコーエプソン株式会社
4151.T,協和キリン株式会社
2587.T,サントリービバレッジ＆フード株式会社
4052.T,フィーチャ株式会社
7762.T,シチズン時計株式会社
8233.T,株式会社髙島屋
6268.T,ナブテスコ株式会社
186A.T,株式会社アストロスケールホールディングス
3697.T,株式会社ＳＨＩＦＴ
7912.T,大日本印刷株式会社
1944.T,株式会社きんでん
4021.T,日産化学株式会社
4768.T,株式会社　大塚商会
5110.T,住友ゴム工業株式会社
9684.T,株式会社スクウェア・エニックス・ホールディングス
4392.T,ＦＩＧ株式会社
4980.T,デクセリアルズ株式会社
3088.T,株式会社マツキヨココカラ＆カンパニー
5076.T,インフロニア・ホールディングス株式会社
5844.T,株式会社京都フィナンシャルグループ
2875.T,東洋水産株式会社
6952.T,カシオ計算機株式会社
9412.T,スカパーＪＳＡＴ株式会社
268A.T,リガク・ホールディングス株式会社
1942.T,株式会社関電工
7181.T,株式会社かんぽ生命保険
6522.T,株式会社アスタリスク
7211.T,三菱自動車工業株式会社
4088.T,エア・ウォーター株式会社
2702.T,日本マクドナルドホールディングス株式会社
5301.T,東海カーボン株式会社
6674.T,株式会社　ジーエス・ユアサ　コーポレーション
3994.T,株式会社マネーフォワード
6586.T,株式会社マキタ
4812.T,株式会社電通総研
6728.T,株式会社　アルバック
7701.T,株式会社　島津製作所
4564.T,オンコセラピー・サイエンス株式会社
2897.T,日清食品ホールディングス株式会社
6460.T,セガサミーホールディングス株式会社
215A.T,株式会社タイミー
6770.T,アルプスアルパイン株式会社
3626.T,ＴＩＳＩ株式会社
5830.T,株式会社いよぎんホールディングス
9042.T,阪急阪神ホールディングス株式会社
1963.T,日揮ホールディングス株式会社
3391.T,株式会社ツルハホールディングス
4527.T,ロート製薬株式会社
4324.T,株式会社電通グループ
9005.T,東急株式会社
8918.T,株式会社ランド
4667.T,アイサンテクノロジー株式会社
4528.T,小野薬品工業株式会社
3231.T,野村不動産ホールディングス株式会社
4612.T,日本ペイントホールディングス株式会社
2282.T,日本ハム株式会社
3064.T,株式会社ＭｏｎｏｔａＲＯ
6855.T,日本電子材料株式会社
8334.T,株式会社　群馬銀行
4204.T,積水化学工業株式会社
5406.T,株式会社　神戸製鋼所
3003.T,ヒューリック株式会社
3289.T,東急不動産ホールディングス株式会社
8252.T,株式会社　丸井グループ
3132.T,マクニカホールディングス株式会社
5214.T,日本電気硝子株式会社
7752.T,株式会社リコー
5938.T,株式会社ＬＩＸＩＬ
4091.T,日本酸素ホールディングス株式会社
1893.T,五洋建設株式会社
3778.T,さくらインターネット株式会社
8848.T,株式会社レオパレス２１
8359.T,株式会社八十二長野銀行
7649.T,スギホールディングス株式会社
4631.T,ＤＩＣ株式会社
8253.T,株式会社クレディセゾン
8377.T,株式会社ほくほくフィナンシャルグループ
3197.T,株式会社すかいらーくホールディングス
2181.T,パーソルホールディングス株式会社
2267.T,株式会社ヤクルト本社
3349.T,株式会社コスモス薬品
2160.T,株式会社ジーエヌアイグループ
1515.T,日鉄鉱業株式会社
7731.T,株式会社ニコン
5021.T,コスモエネルギーホールディングス株式会社
3405.T,株式会社クラレ
3861.T,王子ホールディングス株式会社
2432.T,株式会社ディー・エヌ・エー
9831.T,株式会社ヤマダホールディングス
4680.T,株式会社ラウンドワン
9507.T,四国電力株式会社
6966.T,株式会社三井ハイテック
3092.T,株式会社ＺＯＺＯ
4478.T,フリー株式会社
7581.T,株式会社サイゼリヤ
6754.T,アンリツ株式会社
7951.T,ヤマハ株式会社
8341.T,株式会社七十七銀行
1721.T,コムシスホールディングス株式会社
5857.T,ＡＲＥホールディングス株式会社
6473.T,株式会社ジェイテクト
4208.T,ＵＢＥ株式会社
3653.T,株式会社モルフォ
7220.T,武蔵精密工業株式会社
2579.T,コカ・コーラ　ボトラーズジャパンホールディングス株式会社
8804.T,東京建物株式会社
7564.T,株式会社ワークマン
4443.T,Ｓａｎｓａｎ株式会社
3769.T,ＧＭＯペイメントゲートウェイ株式会社
9616.T,株式会社共立メンテナンス
9142.T,九州旅客鉄道株式会社
6407.T,ＣＫＤ株式会社
4902.T,コニカミノルタ株式会社
6779.T,日本電波工業株式会社
9509.T,北海道電力株式会社
1662.T,石油資源開発株式会社
4180.T,Ａｐｐｉｅｒ　Ｇｒｏｕｐ株式会社
6471.T,日本精工株式会社
2871.T,株式会社ニチレイ
2127.T,株式会社日本Ｍ＆Ａセンターホールディングス
4042.T,東ソー株式会社
9009.T,京成電鉄株式会社
2212.T,山崎製パン株式会社
7282.T,豊田合成株式会社
9504.T,中国電力株式会社
1808.T,株式会社　長谷工コーポレーション
338A.T,株式会社ＺｅｎｍｕＴｅｃｈ
4536.T,参天製薬株式会社
141A.T,株式会社トライアルホールディングス
9023.T,東京地下鉄株式会社
6997.T,日本ケミコン株式会社
6753.T,シャープ株式会社
4403.T,日油株式会社
6417.T,株式会社三共
429A.T,テクセンドフォトマスク株式会社
6085.T,アーキテクツ・スタジオ・ジャパン株式会社
2492.T,株式会社インフォマート
7867.T,株式会社タカラトミー
4114.T,株式会社日本触媒
3288.T,株式会社オープンハウスグループ
6996.T,ニチコン株式会社
8358.T,スルガ銀行株式会社
5985.T,サンコール株式会社
4368.T,扶桑化学工業株式会社
464A.T,株式会社ＱＰＳホールディングス
5032.T,ＡＮＹＣＯＬＯＲ株式会社
9041.T,近鉄グループホールディングス株式会社
9007.T,小田急電鉄株式会社
4194.T,ビジョナル株式会社
4676.T,株式会社フジ・メディア・ホールディングス
4732.T,株式会社ユー・エス・エス
3498.T,霞ヶ関キャピタル株式会社
9064.T,ヤマトホールディングス株式会社
9143.T,ＳＧホールディングス株式会社
4613.T,関西ペイント株式会社
5253.T,カバー株式会社
4912.T,ライオン株式会社
5991.T,日本発條株式会社
4540.T,株式会社ツムラ
1969.T,高砂熱学工業株式会社
8227.T,株式会社しまむら
4061.T,デンカ株式会社
6592.T,マブチモーター株式会社
9001.T,東武鉄道株式会社
1332.T,株式会社ニッスイ
6027.T,弁護士ドットコム株式会社
4205.T,日本ゼオン株式会社
5929.T,三和ホールディングス株式会社
4716.T,日本オラクル株式会社
6845.T,アズビル株式会社
6941.T,山一電機株式会社
9513.T,電源開発株式会社
5471.T,大同特殊鋼株式会社
7327.T,株式会社第四北越フィナンシャルグループ
8056.T,ＢＩＰＲＯＧＹ株式会社
9861.T,株式会社吉野家ホールディングス
7189.T,株式会社西日本フィナンシャルホールディングス
7276.T,株式会社小糸製作所
4971.T,メック株式会社
7956.T,ピジョン株式会社
5741.T,株式会社ＵＡＣＪ
2264.T,森永乳業株式会社
4666.T,パーク二四株式会社（定款上の商号　パーク２４株式会社）
2501.T,サッポロビール株式会社
9989.T,株式会社サンドラッグ
4043.T,株式会社トクヤマ
4597.T,ソレイジア・ファーマ株式会社
7389.T,株式会社あいちフィナンシャルグループ
8524.T,株式会社北洋銀行
7721.T,東京計器株式会社
5726.T,株式会社大阪チタニウムテクノロジーズ
7173.T,株式会社東京きらぼしフィナンシャルグループ
8368.T,株式会社　百五銀行
2002.T,株式会社日清製粉グループ本社
6814.T,古野電気株式会社
6376.T,日機装株式会社
3923.T,株式会社ラクス
3774.T,株式会社インターネットイニシアティブ
6232.T,株式会社ＡＣＳＬ
6103.T,オークマ株式会社
9401.T,株式会社ＴＢＳホールディングス
4369.T,株式会社　トリケミカル研究所
6951.T,日本電子株式会社
8439.T,東京センチュリー株式会社
7180.T,株式会社九州フィナンシャルグループ
8366.T,株式会社滋賀銀行
6703.T,沖電気工業株式会社
4099.T,四国化成ホールディングス株式会社
4373.T,シンプレクス・ホールディングス株式会社
290A.T,株式会社Ｓｙｎｓｐｅｃｔｉｖｅ
4722.T,フューチャー株式会社
5233.T,太平洋セメント株式会社
3105.T,日清紡ホールディングス株式会社
6465.T,ホシザキ株式会社
8418.T,株式会社山口フィナンシャルグループ
6923.T,スタンレー電気株式会社
2782.T,株式会社セリア
9008.T,京王電鉄株式会社
3692.T,株式会社ＦＦＲＩセキュリティ
3046.T,株式会社ジンズホールディングス
9065.T,山九株式会社
3048.T,株式会社ビックカメラ
5393.T,ニチアス株式会社
8060.T,キヤノンマーケティングジャパン株式会社
2222.T,寿スピリッツ株式会社
2593.T,株式会社伊藤園
4922.T,株式会社コーセーホールディングス
4047.T,関東電化工業株式会社
6101.T,株式会社ツガミ
7278.T,株式会社エクセディ
2809.T,キユーピー株式会社
446A.T,株式会社ノースサンド
2331.T,ＡＬＳＯＫ株式会社
6432.T,株式会社竹内製作所
3907.T,シリコンスタジオ株式会社
4733.T,株式会社オービックビジネスコンサルタント
2670.T,株式会社エービーシー・マート
3186.T,株式会社ネクステージ
4565.T,ネクセラファーマ株式会社
8237.T,株式会社松屋
3635.T,株式会社コーエーテクモホールディングス
6254.T,野村マイクロ・サイエンス株式会社
8282.T,株式会社ケーズホールディングス
7459.T,株式会社メディパルホールディングス
8088.T,岩谷産業株式会社
9404.T,日本テレビホールディングス株式会社
8508.T,Ｊトラスト株式会社
4516.T,日本新薬株式会社
5901.T,東洋製罐グループホールディングス株式会社
7806.T,株式会社ＭＴＧ
6925.T,ウシオ電機株式会社
4022.T,ラサ工業株式会社
9744.T,株式会社メイテックグループホールディングス
9468.T,株式会社ＫＡＤＯＫＡＷＡ
1959.T,株式会社クラフティア
7988.T,株式会社ニフコ
2121.T,株式会社ＭＩＸＩ
8361.T,株式会社　大垣共立銀行
9301.T,三菱倉庫株式会社
7337.T,株式会社ひろぎんホールディングス
1980.T,ダイダン株式会社
9364.T,株式会社上組
3397.T,株式会社トリドールホールディングス
1414.T,ショーボンドホールディングス株式会社
3941.T,レンゴー株式会社
7599.T,株式会社ＩＤＯＭ
8343.T,株式会社秋田銀行
8020.T,兼松株式会社
9048.T,名古屋鉄道株式会社
4626.T,太陽ホールディングス株式会社
6961.T,株式会社エンプラス
8876.T,株式会社リログループ
8410.T,株式会社セブン銀行
4118.T,株式会社カネカ
247A.T,Ａｉロボティクス株式会社
8628.T,松井証券株式会社
4202.T,株式会社ダイセル
8338.T,株式会社筑波銀行
3387.T,株式会社クリエイト・レストランツ・ホールディングス
6632.T,株式会社ＪＶＣケンウッド
1719.T,株式会社安藤・間
219A.T,Ｈｅａｒｔｓｅｅｄ株式会社
6356.T,日本ギア工業株式会社
6524.T,湖北工業株式会社
6849.T,日本光電工業株式会社
2531.T,宝ホールディングス株式会社
6946.T,日本アビオニクス株式会社
6191.T,株式会社エアトリ
3687.T,株式会社フィックスターズ
5832.T,株式会社ちゅうぎんフィナンシャルグループ
8111.T,株式会社ゴールドウイン
3116.T,トヨタ紡織株式会社
3445.T,株式会社ＲＳ　Ｔｅｃｈｎｏｌｏｇｉｅｓ
1407.T,株式会社ウエストホールディングス
2726.T,株式会社パルグループホールディングス
4413.T,株式会社ボードルア
5463.T,丸一鋼管株式会社
6862.T,ミナトホールディングス株式会社
4023.T,株式会社クレハ
4816.T,東映アニメーション株式会社
8117.T,中央自動車工業株式会社
2607.T,不二製油株式会社
1860.T,戸田建設株式会社
4967.T,小林製薬株式会社
5715.T,古河機械金属株式会社
9418.T,株式会社Ｕ－ＮＥＸＴ　ＨＯＬＤＩＮＧＳ
6366.T,千代田化工建設株式会社
6055.T,ジャパンマテリアル株式会社
4401.T,株式会社ＡＤＥＫＡ
3107.T,ダイワボウホールディングス株式会社
6480.T,日本トムソン株式会社
2433.T,株式会社博報堂ＤＹホールディングス
4272.T,日本化薬株式会社
2146.T,ＵＴグループ株式会社
4475.T,ＨＥＮＮＧＥ株式会社
2767.T,円谷フィールズホールディングス株式会社
9044.T,株式会社ＮＡＮＫＡＩ
6005.T,三浦工業株式会社
4107.T,伊勢化学工業株式会社
3291.T,飯田グループホールディングス株式会社
7777.T,株式会社スリー・ディー・マトリックス
8086.T,ニプロ株式会社
1861.T,株式会社　熊谷組
9505.T,北陸電力株式会社
8012.T,長瀬産業株式会社
9166.T,株式会社ＧＥＮＤＡ
6136.T,オーエスジー株式会社
7380.T,株式会社十六フィナンシャルグループ
4784.T,ＧＭＯインターネット株式会社
1951.T,エクシオグループ株式会社
2810.T,ハウス食品グループ本社株式会社
5707.T,東邦亜鉛株式会社
2327.T,日鉄ソリューションズ株式会社
7240.T,ＮＯＫ株式会社
6472.T,ＮＴＮ株式会社
6387.T,サムコ　株式会社
6523.T,ＰＨＣホールディングス株式会社
2175.T,株式会社エス・エム・エス
7685.T,株式会社ＢｕｙＳｅｌｌ　Ｔｅｃｈｎｏｌｏｇｉｅｓ
4259.T,株式会社エクサウィザーズ
7004.T,カナデビア株式会社
6264.T,株式会社マルマエ
1961.T,三機工業株式会社
9449.T,ＧＭＯインターネットグループ株式会社
2157.T,株式会社コシダカホールディングス
8698.T,マネックスグループ株式会社
6707.T,サンケン電気株式会社
6058.T,株式会社ベクトル
9006.T,京浜急行電鉄株式会社
3401.T,帝人株式会社
4483.T,株式会社ＪＭＤＣ
4887.T,サワイグループホールディングス株式会社
8242.T,エイチ・ツー・オー　リテイリング株式会社
2354.T,株式会社ＹＥ　ＤＩＧＩＴＡＬ
3549.T,株式会社クスリのアオキホールディングス
5947.T,リンナイ株式会社
6999.T,ＫＯＡ株式会社
9533.T,東邦瓦斯株式会社
456A.T,ＨＵＭＡＮ　ＭＡＤＥ株式会社
5384.T,株式会社フジミインコーポレーテッド
8570.T,イオンフィナンシャルサービス株式会社
9722.T,藤田観光株式会社
6730.T,株式会社アクセル
4075.T,ブレインズテクノロジー株式会社
7906.T,ヨネックス株式会社
6258.T,平田機工株式会社
9076.T,セイノーホールディングス株式会社
9072.T,ニッコンホールディングス株式会社
8360.T,株式会社　山梨中央銀行
3964.T,株式会社オークネット
5232.T,住友大阪セメント株式会社
6544.T,ジャパンエレベーターサービスホールディングス株式会社
4206.T,アイカ工業株式会社
2784.T,アルフレッサホールディングス株式会社
3993.T,株式会社ＰＫＳＨＡ　Ｔｅｃｈｎｏｌｏｇｙ
2685.T,株式会社アンドエスティＨＤ
7456.T,松田産業株式会社
8022.T,美津濃株式会社
8995.T,株式会社誠建設工業
6457.T,グローリー株式会社
9003.T,相鉄ホールディングス株式会社
6436.T,アマノ株式会社
1885.T,東亜建設工業株式会社
8345.T,株式会社岩手銀行
8078.T,阪和興業株式会社
3543.T,株式会社コメダホールディングス
4592.T,サンバイオ株式会社
1979.T,株式会社大気社
7322.T,株式会社三十三フィナンシャルグループ
8381.T,株式会社山陰合同銀行
2585.T,株式会社ライフドリンク　カンパニー
3765.T,ガンホー・オンライン・エンターテイメント株式会社
6498.T,株式会社キッツ
6490.T,株式会社ＰＩＬＬＡＲ
2371.T,株式会社カカクコム
7616.T,株式会社　コロワイド
5243.T,ｎｏｔｅ株式会社
7630.T,株式会社壱番屋
8346.T,株式会社東邦銀行
3097.T,株式会社物語コーポレーション
9045.T,京阪ホールディングス株式会社
9987.T,株式会社スズケン
7846.T,株式会社パイロットコーポレーション
2695.T,くら寿司株式会社
3989.T,シェアリングテクノロジー株式会社
7350.T,株式会社おきなわフィナンシャルグループ
7717.T,株式会社ブイ・テクノロジー
2811.T,カゴメ株式会社
5131.T,リンカーズ株式会社
8273.T,株式会社イズミ
3891.T,ニッポン高度紙工業株式会社
2206.T,江崎グリコ株式会社
7164.T,全国保証株式会社
8344.T,株式会社山形銀行
4587.T,ペプチドリーム株式会社
7716.T,株式会社ナカニシ
8367.T,株式会社南都銀行
7984.T,コクヨ株式会社
4970.T,東洋合成工業株式会社
3664.T,株式会社ＷＩＺＥ
7148.T,株式会社ＦＰＧ
8522.T,株式会社　名古屋銀行
3101.T,東洋紡株式会社
3444.T,株式会社菊池製作所
8386.T,株式会社百十四銀行
8362.T,株式会社福井銀行
4776.T,サイボウズ株式会社
8714.T,株式会社池田泉州ホールディングス
4681.T,リゾートトラスト株式会社
2201.T,森永製菓株式会社
9519.T,株式会社レノバ
8616.T,東海東京フィナンシャル・ホールディングス株式会社
8387.T,株式会社四国銀行
7419.T,株式会社ノジマ
1833.T,株式会社奥村組
9936.T,株式会社王将フードサービス
9302.T,三井倉庫ホールディングス株式会社
9069.T,センコーグループホールディングス株式会社
6768.T,株式会社タムラ製作所
4544.T,Ｈ．Ｕ．グループホールディングス株式会社
4471.T,三洋化成工業株式会社
1518.T,三井松島ホールディングス株式会社
8424.T,芙蓉総合リース株式会社
6235.T,株式会社オプトラン
8173.T,株式会社Ｊｏｓｈｉｎ
6266.T,タツモ株式会社
3315.T,日本コークス工業株式会社
547A.T,ムニノバホールディングス株式会社
2962.T,株式会社テクニスコ
9627.T,株式会社アインホールディングス
8392.T,株式会社大分銀行
8544.T,株式会社　京葉銀行
4480.T,株式会社メドレー
3612.T,株式会社ワールド
3863.T,日本製紙株式会社
8425.T,みずほリース株式会社
1417.T,株式会社ミライト・ワン
2229.T,カルビー株式会社
8919.T,株式会社カチタス
8370.T,株式会社紀陽銀行
8393.T,株式会社宮崎銀行
6143.T,株式会社ソディック
4927.T,株式会社ポーラ・オルビスホールディングス
8174.T,日本瓦斯株式会社
9031.T,西日本鉄道株式会社
9842.T,アークランズ株式会社
6810.T,マクセル株式会社
2292.T,エスフーズ株式会社
4078.T,堺化学工業株式会社
1820.T,西松建設株式会社
6327.T,北川精機株式会社
9759.T,株式会社ＮＳＤ
5724.T,株式会社アサカ理研
8336.T,株式会社武蔵野銀行
2805.T,ヱスビー食品株式会社
3002.T,グンゼ株式会社
5703.T,日本軽金属ホールディングス株式会社
9934.T,因幡電機産業株式会社
4092.T,日本化学工業株式会社
5074.T,テスホールディングス株式会社
402A.T,株式会社アクセルスペースホールディングス
8153.T,株式会社モスフードサービス
6196.T,株式会社ストライクグループ
6958.T,日本シイエムケイ株式会社
8595.T,ジャフコ　グループ株式会社
9279.T,株式会社ギフトホールディングス
6104.T,芝浦機械株式会社
8609.T,株式会社岡三証券グループ
7611.T,株式会社ハイデイ日高
6208.T,株式会社石川製作所
7552.T,株式会社ハピネット
5331.T,ノリタケ株式会社
4432.T,ウイングアーク１ｓｔ株式会社
462A.T,株式会社ＦＵＮＤＩＮＮＯ
5310.T,東洋炭素株式会社
4046.T,株式会社大阪ソーダ
7803.T,株式会社ブシロード
8016.T,株式会社オンワードホールディングス
3360.T,シップヘルスケアホールディングス株式会社
4634.T,ａｒｔｉｅｎｃｅ株式会社
8550.T,株式会社　栃木銀行
9409.T,株式会社テレビ朝日ホールディングス
8194.T,株式会社ライフコーポレーション
5574.T,株式会社ＡＢＥＪＡ
7744.T,ノーリツ鋼機株式会社
4919.T,株式会社ミルボン
5423.T,東京製鐵株式会社
2980.T,ＳＲＥホールディングス株式会社
6379.T,レイズネクスト株式会社
6804.T,ホシデン株式会社
6013.T,株式会社タクマ
4975.T,株式会社ＪＣＵ
7184.T,株式会社　富山第一銀行
3660.T,株式会社アイスタイル
3433.T,トーカロ株式会社
9130.T,共栄タンカー株式会社
9956.T,株式会社バローホールディングス
5541.T,大平洋金属株式会社
1882.T,東亜道路工業株式会社
2730.T,株式会社エディオン
256A.T,飛島ホールディングス株式会社
6140.T,旭ダイヤモンド工業株式会社
3156.T,株式会社レスター
7740.T,株式会社タムロン
6807.T,日本航空電子工業株式会社
7458.T,株式会社第一興商
325A.T,株式会社ＴＥＮＴＩＡＬ
7313.T,テイ・エス　テック株式会社
4849.T,エン株式会社
6412.T,株式会社平和
2334.T,株式会社イオレ
2296.T,伊藤ハム米久ホールディングス株式会社
6617.T,株式会社東光高岳
9436.T,沖縄セルラー電話株式会社
4819.T,株式会社デジタルガレージ
6250.T,株式会社やまびこ
4170.T,株式会社Ｋａｉｚｅｎ　Ｐｌａｔｆｏｒｍ
2326.T,デジタルアーツ株式会社
1333.T,Ｕｍｉｏｓ株式会社
8707.T,岩井コスモホールディングス株式会社
2379.T,ディップ株式会社
4419.T,株式会社Ｆｉｎａｔｅｘｔホールディングス
8572.T,アコム株式会社
3465.T,ケイアイスター不動産株式会社
6800.T,株式会社ヨコオ
4028.T,石原産業株式会社
4617.T,中国塗料株式会社
8098.T,稲畑産業株式会社
2270.T,雪印メグミルク株式会社
9824.T,泉州電業株式会社
3167.T,株式会社ＴＯＫＡＩホールディングス
2780.T,株式会社コメ兵ホールディングス
8154.T,加賀電子株式会社
6737.T,ＥＩＺＯ株式会社
3222.T,ユナイテッド・スーパーマーケット・ホールディングス株式会社
9682.T,株式会社ＤＴＳ
7287.T,日本精機株式会社
350A.T,デジタルグリッド株式会社
3762.T,テクマトリックス株式会社
2353.T,日本駐車場開発株式会社
4593.T,株式会社ヘリオス
2602.T,日清オイリオグループ株式会社
3276.T,株式会社ＪＰＭＣ
1723.T,日本電技株式会社
8541.T,株式会社　愛媛銀行
7947.T,株式会社エフピコ
7242.T,カヤバ株式会社
9603.T,株式会社エイチ・アイ・エス
8600.T,トモニホールディングス株式会社
7296.T,株式会社エフ・シー・シー
3449.T,株式会社テクノフレックス
6454.T,マックス株式会社
4071.T,株式会社プラスアルファ・コンサルティング
6036.T,ＫｅｅＰｅｒ技研株式会社
3176.T,三洋貿易株式会社
4894.T,クオリプス株式会社
2659.T,株式会社サンエー
7381.T,株式会社ＣＣＩグループ
5602.T,株式会社栗本鐵工所
9743.T,株式会社丹青社
1965.T,株式会社テクノ菱和
6363.T,株式会社酉島製作所
9678.T,株式会社カナモト
9119.T,飯野海運株式会社
9336.T,大栄環境株式会社
7085.T,株式会社カーブスホールディングス
7226.T,極東開発工業株式会社
1419.T,タマホーム株式会社
7513.T,株式会社コジマ
1879.T,新日本建設株式会社
6516.T,山洋電気株式会社
8065.T,佐藤商事株式会社
9880.T,イノテック株式会社
2124.T,株式会社ジェイエイシーリクルートメント
8511.T,日本証券金融株式会社
4187.T,大阪有機化学工業株式会社
5702.T,株式会社大紀アルミニウム工業所
3569.T,セーレン株式会社
4549.T,栄研化学株式会社
9075.T,福山通運株式会社
9010.T,富士急行株式会社
3083.T,スターシーズ株式会社
4045.T,東亞合成株式会社
6914.T,オプテックスグループ株式会社
7606.T,株式会社ユナイテッドアローズ
4996.T,クミアイ化学工業株式会社
7384.T,株式会社プロクレアホールディングス
8584.T,株式会社ジャックス
8057.T,株式会社内田洋行
4431.T,株式会社スマレジ
2760.T,東京エレクトロンデバイス株式会社
1926.T,ライト工業株式会社
2678.T,アスクル株式会社
2330.T,株式会社フォーサイド
5208.T,株式会社有沢製作所
9247.T,ＴＲＥホールディングス株式会社
7711.T,助川電気工業株式会社
3825.T,株式会社リミックスポイント
9536.T,西部ガスホールディングス株式会社
9948.T,株式会社アークス
6521.T,株式会社オキサイド
8399.T,株式会社琉球銀行
5482.T,愛知製鋼株式会社
5889.T,Ｊａｐａｎ　Ｅｙｅｗｅａｒ　Ｈｏｌｄｉｎｇｓ株式会社
5161.T,西川ゴム工業株式会社
8129.T,東邦ホールディングス株式会社
8818.T,京阪神ビルディング株式会社
7730.T,マニー株式会社
6371.T,株式会社椿本チエイン
4477.T,ＢＡＳＥ株式会社
7994.T,株式会社オカムラ
7743.T,株式会社シード
2815.T,アリアケジャパン株式会社
3399.T,株式会社丸千代山岡家
9090.T,ＡＺ－ＣＯＭ丸和ホールディングス株式会社
4665.T,株式会社ダスキン
8337.T,株式会社千葉興業銀行
4686.T,株式会社ジャストシステム
167A.T,リョーサン菱洋ホールディングス株式会社
8219.T,青山商事株式会社
6395.T,株式会社タダノ
6023.T,ダイハツインフィニアース株式会社
212A.T,フィットイージー株式会社
9793.T,株式会社ダイセキ
8005.T,株式会社スクロール
8614.T,東洋証券株式会社
7433.T,伯東株式会社
9832.T,株式会社オートバックスセブン
3591.T,株式会社ワコールホールディングス
417A.T,株式会社ブルーゾーンホールディングス
7746.T,岡本硝子株式会社
287A.T,黒田グループ株式会社
4290.T,株式会社プレステージ・インターナショナル
6644.T,大崎電気工業株式会社
6794.T,フォスター電機株式会社
9425.T,ＲｅＹｕｕ　Ｊａｐａｎ株式会社
4044.T,セントラル硝子株式会社
4598.T,ＤｅｌｔａーＦｌｙ　Ｐｈａｒｍａ株式会社
4420.T,イーソル株式会社
7780.T,株式会社メニコン
8061.T,西華産業株式会社
4425.T,Ｋｕｄａｎ株式会社
1952.T,新日本空調株式会社
7236.T,株式会社ティラド
2001.T,株式会社ニップン
3946.T,株式会社トーモク
7839.T,株式会社ＳＨＯＥＩ
2317.T,株式会社システナ
2612.T,かどや製油株式会社
6986.T,双葉電子工業株式会社
4275.T,株式会社カーリット
8051.T,株式会社山善
4553.T,東和薬品株式会社
6727.T,株式会社ワコム
9552.T,株式会社クオンツ総研ホールディングス
4825.T,株式会社ウェザーニューズ
8803.T,平和不動産株式会社
4997.T,日本農薬株式会社
1663.T,Ｋ＆Ｏエナジーグループ株式会社
7972.T,株式会社イトーキ
4968.T,荒川化学工業株式会社
4521.T,科研製薬株式会社
3036.T,アルコニックス株式会社
8059.T,第一実業株式会社
1941.T,株式会社中電工
3932.T,株式会社アカツキ
9715.T,トランス・コスモス株式会社
7245.T,大同メタル工業株式会社
4041.T,日本曹達株式会社
6588.T,東芝テック株式会社
5975.T,東プレ株式会社
4840.T,株式会社トライアイズ
9304.T,澁澤倉庫株式会社
4174.T,株式会社アピリッツ
6331.T,三菱化工機株式会社
3673.T,株式会社ブロードリーフ
7794.T,株式会社イーディーピー
8622.T,水戸証券株式会社
6838.T,株式会社多摩川ホールディングス
262A.T,株式会社インターメスティック
4493.T,株式会社サイバーセキュリティクラウド
3661.T,株式会社エムアップホールディングス
8897.T,ＭＩＲＡＲＴＨホールディングス株式会社
6995.T,株式会社東海理化電機製作所
9716.T,株式会社乃村工藝社
4258.T,株式会社網屋
7157.T,ライフネット生命保険株式会社
6998.T,日本タングステン株式会社
7516.T,コーナン商事株式会社
7609.T,ダイトロン株式会社
3104.T,富士紡ホールディングス株式会社
2220.T,亀田製菓株式会社
6183.T,株式会社ベルシステム２４ホールディングス
4674.T,株式会社クレスコ
3663.T,株式会社セルシス
1377.T,株式会社　サカタのタネ
3050.T,ＤＣＭホールディングス株式会社
6080.T,Ｍ＆Ａキャピタルパートナーズ株式会社
4933.T,株式会社Ｉ－ｎｅ
6118.T,アイダエンジニアリング株式会社
8151.T,株式会社東陽テクニカ
9303.T,株式会社住友倉庫
8179.T,ロイヤルホールディングス株式会社
4928.T,株式会社ノエビアホールディングス
5246.T,株式会社ＥＬＥＭＥＮＴＳ
7810.T,株式会社クロスフォー
7715.T,長野計器株式会社
7864.T,株式会社フジシールインターナショナル
218A.T,株式会社Ｌｉｂｅｒａｗａｒｅ
2281.T,プリマハム株式会社
3252.T,地主株式会社
1950.T,日本電設工業株式会社
6736.T,サン電子株式会社
8551.T,株式会社　北日本銀行
166A.T,株式会社タスキホールディングス
2590.T,ダイドーグループホールディングス株式会社
3851.T,株式会社日本一ソフトウェア
7545.T,株式会社西松屋チェーン
7238.T,曙ブレーキ工業株式会社
7199.T,プレミアグループ株式会社
3245.T,株式会社ディア・ライフ
4417.T,グローバルセキュリティエキスパート株式会社
1946.T,株式会社トーエネック
8585.T,株式会社オリエントコーポレーション
3491.T,株式会社ＧＡ　ｔｅｃｈｎｏｌｏｇｉｅｓ
6570.T,株式会社共和コーポレーション
6458.T,新晃工業株式会社
8218.T,株式会社コメリ
135A.T,株式会社ＶＲＡＩＮ　Ｓｏｌｕｔｉｏｎ
2681.T,株式会社ゲオホールディングス
5851.T,リョービ株式会社
6340.T,澁谷工業株式会社
4189.T,ＫＨネオケム株式会社
4746.T,株式会社東計電算
1852.T,株式会社淺沼組
2315.T,株式会社ＣＡＩＣＡ　ＤＩＧＩＴＡＬ
7246.T,プレス工業株式会社
6652.T,ＩＤＥＣ株式会社
1968.T,太平電業株式会社
3656.T,ＫＬａｂ株式会社
3854.T,株式会社アイル
6668.T,株式会社アドテックプラズマテクノロジー
4889.T,株式会社レナサイエンス
6486.T,イーグル工業株式会社
2986.T,株式会社ＬＡホールディングス
1934.T,株式会社ユアテック
6929.T,日本セラミック株式会社
9960.T,東テク株式会社
2337.T,いちご株式会社
4095.T,日本パーカライジング株式会社
520A.T,ジェイファーマ株式会社
7504.T,株式会社高速
1815.T,鉄建建設株式会社
6619.T,ダブル・スコープ株式会社
3087.T,株式会社ドトール・日レスホールディングス
8739.T,スパークス・グループ株式会社
7241.T,フタバ産業株式会社
1720.T,東急建設株式会社
5451.T,株式会社ヨドコウ
7995.T,株式会社バルカー
8125.T,株式会社ワキタ
6744.T,能美防災株式会社
2384.T,ＳＢＳホールディングス株式会社
6750.T,エレコム株式会社
6474.T,株式会社不二越
8130.T,株式会社サンゲツ
3093.T,株式会社トレジャー・ファクトリー
9692.T,株式会社シーイーシー
9605.T,東映株式会社
6209.T,リケンＮＰＲ株式会社
5842.T,インテグラル株式会社
4633.T,サカタインクス株式会社
7613.T,シークス株式会社
6332.T,月島ホールディングス株式会社
6282.T,オイレス工業株式会社
9887.T,株式会社松屋フーズホールディングス
3676.T,株式会社デジタルハーツホールディングス
5480.T,日本冶金工業株式会社
6745.T,ホーチキ株式会社
7138.T,株式会社ＴＯＲＩＣＯ
471A.T,ＮＳグループ株式会社
1945.T,株式会社東京エネシス
5632.T,三菱製鋼株式会社
4222.T,児玉化学工業株式会社
4220.T,リケンテクノス株式会社
6433.T,ヒーハイスト株式会社
8923.T,トーセイ株式会社
7719.T,株式会社東京衡機
4559.T,ゼリア新薬工業株式会社
7944.T,ローランド株式会社
9274.T,ＫＰＰグループホールディングス株式会社
7981.T,タカラスタンダード株式会社
8037.T,カメイ株式会社
9511.T,沖縄電力株式会社
4569.T,杏林製薬株式会社
3844.T,コムチュア株式会社
6908.T,イリソ電子工業株式会社
7047.T,ポート株式会社
3076.T,あいホールディングス株式会社
7476.T,アズワン株式会社
8395.T,株式会社佐賀銀行
9699.T,ニシオホールディングス株式会社
6237.T,株式会社イワキ
7475.T,アルビス株式会社
8934.T,サンフロンティア不動産株式会社
3443.T,川田テクノロジーズ株式会社
7383.T,株式会社ネットプロテクションズホールディングス
4393.T,株式会社バンク・オブ・イノベーション
9757.T,株式会社船井総研ホールディングス
8613.T,丸三証券株式会社
9551.T,メタウォーター株式会社
9900.T,株式会社サガミホールディングス
9882.T,株式会社イエローハット
4056.T,ニューラルグループ株式会社
4583.T,株式会社カイオム・バイオサイエンス
3284.T,株式会社フージャースホールディングス
3608.T,株式会社ＴＳＩホールディングス
9889.T,ＪＢＣＣホールディングス株式会社
3191.T,株式会社ジョイフル本田
4320.T,株式会社ＣＥホールディングス
7283.T,愛三工業株式会社
9278.T,ブックオフグループホールディングス株式会社
4499.T,株式会社Ｓｐｅｅｅ
2874.T,横浜冷凍株式会社
7976.T,三菱鉛筆株式会社
6597.T,ＨＰＣシステムズ株式会社
1899.T,株式会社福田組
9347.T,日本管財ホールディングス株式会社
8200.T,株式会社リンガーハット
2664.T,株式会社カワチ薬品
7172.T,株式会社ジャパンインベストメントアドバイザー
9308.T,乾汽船株式会社
8706.T,極東証券株式会社
7915.T,ＮＩＳＳＨＡ株式会社
5302.T,日本カーボン株式会社
7734.T,理研計器株式会社
7224.T,新明和工業株式会社
8133.T,伊藤忠エネクス株式会社
2288.T,丸大食品株式会社
2154.T,株式会社オープンアップグループ
1870.T,矢作建設工業株式会社
6440.T,ＪＵＫＩ株式会社
1982.T,日比谷総合設備株式会社
6287.T,株式会社サトー
6677.T,株式会社エスケーエレクトロニクス
5186.T,ニッタ株式会社
299A.T,クラシル株式会社
6584.T,三櫻工業株式会社
5031.T,モイ株式会社
6226.T,守谷輸送機工業株式会社
9534.T,北海道瓦斯株式会社
8708.T,アイザワ証券グループ株式会社
9746.T,株式会社　ＴＫＣ
3153.T,八洲電機株式会社
8276.T,株式会社　平和堂
7177.T,ＧＭＯフィナンシャルホールディングス株式会社
8278.T,株式会社フジ
8715.T,アニコム　ホールディングス株式会社
5027.T,ＡｎｙＭｉｎｄ　Ｇｒｏｕｐ株式会社
4216.T,旭有機材株式会社
8032.T,日本紙パルプ商事株式会社
8771.T,イー・ギャランティ株式会社
5440.T,共英製鋼株式会社
6651.T,日東工業株式会社
3880.T,大王製紙株式会社
6844.T,新電元工業株式会社
6947.T,株式会社図研
3034.T,クオールホールディングス株式会社
8097.T,三愛オブリ株式会社
6345.T,株式会社アイチコーポレーション
4973.T,日本高純度化学株式会社
590A.T,ギフティグループ株式会社
6349.T,株式会社小森コーポレーション
8214.T,株式会社ＡＯＫＩホールディングス
8011.T,株式会社三陽商会
6962.T,株式会社大真空
4526.T,理研ビタミン株式会社
5572.T,株式会社Ｒｉｄｇｅ－ｉ
6905.T,コーセル株式会社
4165.T,株式会社プレイド
5288.T,アジアパイルホールディングス株式会社
7128.T,ユニソルホールディングス株式会社
5911.T,株式会社横河ブリッジホールディングス
3823.T,ＴＨＥ　ＷＨＹ　ＨＯＷ　ＤＯ　ＣＯＭＰＡＮＹ株式会社
2170.T,株式会社リンクアンドモチベーション
7279.T,株式会社ハイレックスコーポレーション
6840.T,株式会社ＡＫＩＢＡホールディングス
1835.T,東鉄工業株式会社
5192.T,三ツ星ベルト株式会社
4274.T,細谷火工株式会社
7280.T,株式会社ミツバ
2168.T,株式会社パソナグループ
9416.T,株式会社ビジョン
421A.T,株式会社ムービン・ストラテジック・キャリア
4418.T,株式会社ＪＤＳＣ
8043.T,スターゼン株式会社
6741.T,日本信号株式会社
1975.T,株式会社朝日工業社
6859.T,エスペック株式会社
7600.T,株式会社　日本エム・ディ・エム
9997.T,株式会社ベルーナ
4390.T,株式会社アイ・ピー・エス
6742.T,株式会社京三製作所
4109.T,ステラケミファ株式会社
7412.T,株式会社アトム
3915.T,株式会社テラスカイ
2918.T,わらべや日洋ホールディングス株式会社
3395.T,株式会社サンマルクホールディングス
7818.T,株式会社トランザクション
3131.T,シンデン・ハイテックス株式会社
4972.T,綜研化学株式会社
277A.T,グロービング株式会社
6310.T,井関農機株式会社
4813.T,株式会社ＡＣＣＥＳＳ
255A.T,ジーエルテクノホールディングス株式会社
4008.T,住友精化株式会社
1783.T,株式会社ｆａｎｔａｓｉｓｔａ
9039.T,株式会社サカイ引越センター
7575.T,日本ライフライン株式会社
1514.T,住石ホールディングス株式会社
2975.T,スター・マイカ・ホールディングス株式会社
8624.T,いちよし証券株式会社
9267.T,Ｇｅｎｋｙ　ＤｒｕｇＳｔｏｒｅｓ株式会社
6145.T,ＮＩＴＴＯＫＵ株式会社
4343.T,株式会社イオンファンタジー
6200.T,株式会社インソース
8850.T,スターツコーポレーション株式会社
2733.T,株式会社あらた
3539.T,株式会社ＪＭホールディングス
4064.T,日本カーバイド工業株式会社
8160.T,株式会社　木曽路
6785.T,株式会社鈴木
4833.T,株式会社Ｄｅｆ　ｃｏｎｓｕｌｔｉｎｇ
150A.T,株式会社ＪＳＨ
6284.T,日精エー・エス・ビー機械株式会社
7593.T,ＶＴホールディングス株式会社
7595.T,株式会社アルゴグラフィックス
5563.T,新日本電工株式会社
6071.T,株式会社ＩＢＪ
3632.T,グリーホールディングス株式会社
9424.T,日本通信株式会社
4985.T,アース製薬株式会社
3856.T,Ａｂａｌａｎｃｅ株式会社
9830.T,トラスコ中山株式会社
8789.T,フィンテック　グローバル株式会社
9672.T,東京都競馬株式会社
9025.T,鴻池運輸株式会社
9324.T,安田倉庫株式会社
3193.T,株式会社エターナルホスピタリティグループ
8558.T,株式会社東和銀行
5410.T,合同製鐵株式会社
8074.T,株式会社ＹＵＡＳＡ
6336.T,株式会社石井表記
2108.T,日本甜菜製糖株式会社
1939.T,株式会社四電工
4658.T,日本空調サービス株式会社
4246.T,ダイキョーニシカワ株式会社
3040.T,株式会社ソリトンシステムズ
4958.T,長谷川香料株式会社
9828.T,株式会社Ｇｅｎｋｉ　Ｇｌｏｂａｌ　Ｄｉｎｉｎｇ　Ｃｏｎｃｅｐｔｓ
7779.T,ＣＹＢＥＲＤＹＮＥ株式会社
7970.T,信越ポリマー株式会社
3810.T,サイバーステップホールディングス株式会社
4547.T,キッセイ薬品工業株式会社
6638.T,株式会社ミマキエンジニアリング
8566.T,リコーリース株式会社
6088.T,株式会社シグマクシス・ホールディングス
7856.T,萩原工業株式会社
4481.T,ベース株式会社
3441.T,株式会社山王
5262.T,日本ヒューム株式会社
2705.T,株式会社大戸屋ホールディングス
7409.T,ＡｅｒｏＥｄｇｅ株式会社
9556.T,ＩＮＴＬＯＯＰ株式会社
5367.T,株式会社ニッカトー
5970.T,株式会社ジーテクト
5892.T,株式会社ｙｕｔｏｒｉ
2321.T,株式会社ソフトフロントホールディングス
8255.T,アクシアル　リテイリング株式会社
5461.T,中部鋼鈑株式会社
2929.T,株式会社ファーマフーズ
2395.T,株式会社新日本科学
9413.T,株式会社テレビ東京ホールディングス
2120.T,株式会社ＬＩＦＵＬＬ
6176.T,株式会社ブランジスタ
1814.T,大末建設株式会社
5949.T,ユニプレス株式会社
1898.T,世紀東急工業株式会社
5137.T,株式会社スマートドライブ
7480.T,スズデン株式会社
3853.T,アステリア株式会社
8185.T,株式会社チヨダ
6897.T,株式会社ツインバード
3696.T,株式会社セレス
7745.T,株式会社Ａ＆Ｄホロンホールディングス
7821.T,前田工繊株式会社
9869.T,加藤産業株式会社
6459.T,だいわ株式会社
3741.T,株式会社セック
4552.T,ＪＣＲファーマ株式会社
4914.T,高砂香料工業株式会社
9543.T,静岡ガス株式会社
4694.T,株式会社ビー・エム・エル
3148.T,株式会社クリエイトＳＤホールディングス
9621.T,株式会社建設技術研究所
2109.T,ＤＭ三井製糖株式会社
8008.T,株式会社ヨンドシーホールディングス
9348.T,株式会社ｉｓｐａｃｅ
4116.T,大日精化工業株式会社
2791.T,大黒天物産株式会社
1871.T,ピーエス・コンストラクション株式会社
3232.T,三重交通グループホールディングス株式会社
2004.T,昭和産業株式会社
8713.T,フィデアホールディングス株式会社
8052.T,椿本興業株式会社
1938.T,日本リーテック株式会社
6309.T,巴工業株式会社
6277.T,ホソカワミクロン株式会社
6463.T,ＴＰＲ株式会社
4293.T,株式会社セプテーニ・ホールディングス
5943.T,株式会社ノーリツ
6317.T,株式会社北川鉄工所
3668.T,株式会社コロプラ
5381.T,マイポックス株式会社
6081.T,アライドアーキテクツ株式会社
2742.T,株式会社ハローズ
8141.T,新光商事株式会社
6817.T,スミダコーポレーション株式会社
3482.T,ロードスターキャピタル株式会社
6659.T,株式会社メディアリンクス
4051.T,ＧＭＯフィナンシャルゲート株式会社
9470.T,株式会社学研ホールディングス
2931.T,株式会社ユーグレナ
3903.T,株式会社ｇｕｍｉ
7239.T,株式会社タチエス
9974.T,株式会社ベルク
9902.T,株式会社日伝
409A.T,オリオンビール株式会社
2613.T,株式会社Ｊ－オイルミルズ
7130.T,ヤマエグループホールディングス株式会社
8163.T,ＳＲＳホールディングス株式会社
6369.T,トーヨーカネツ株式会社
4548.T,生化学工業株式会社
4554.T,富士製薬工業株式会社
7366.T,株式会社ＬＩＴＡＬＩＣＯ
8137.T,サンワテクノス株式会社
3636.T,株式会社三菱総合研究所
5121.T,藤倉コンポジット株式会社
9037.T,株式会社ハマキョウレックス
8084.T,株式会社ＲＹＯＤＥＮ
1813.T,株式会社不動テトラ
6574.T,株式会社コンヴァノ
6378.T,木村化工機株式会社
8167.T,株式会社リテールパートナーズ
6517.T,デンヨー株式会社
4765.T,ＳＢＩグローバルアセットマネジメント株式会社
5351.T,品川リフラ株式会社
1379.T,ホクト株式会社
5930.T,文化シヤッター株式会社
5989.T,株式会社エイチワン
3496.T,株式会社アズーム
4221.T,大倉工業株式会社
6419.T,株式会社マースグループホールディングス
7868.T,株式会社広済堂ホールディングス
4570.T,株式会社免疫生物研究所
146A.T,コロンビア・ワークス株式会社
8079.T,正栄食品工業株式会社
3091.T,株式会社ブロンコビリー
6455.T,株式会社モリタホールディングス
2749.T,株式会社ＪＰホールディングス
3475.T,株式会社グッドコムアセット
6339.T,新東工業株式会社
7990.T,グローブライド株式会社
5981.T,東京製綱株式会社
3299.T,株式会社ムゲンエステート
7483.T,株式会社ドウシシャ
5445.T,東京鐵鋼株式会社
8892.T,株式会社エスコン
6676.T,株式会社バッファロー
2301.T,株式会社学情
7447.T,ナガイレーベン株式会社
3771.T,株式会社システムリサーチ
2207.T,株式会社ｍｅｉｔｏ
7943.T,ニチハ株式会社
3865.T,北越コーポレーション株式会社
3652.T,株式会社ディジタルメディアプロフェッショナル
7354.T,株式会社ダイレクトマーケティングミックス
4828.T,ビジネスエンジニアリング株式会社
6535.T,株式会社アイモバイル
5122.T,オカモト株式会社
4377.T,株式会社ワンキャリア
3028.T,株式会社アルペン
6125.T,株式会社岡本工作機械製作所
9946.T,ミニストップ株式会社
2734.T,株式会社サーラコーポレーション
9068.T,丸全昭和運輸株式会社
4599.T,株式会社ステムリム
6616.T,トレックス・セミコンダクター株式会社
9474.T,株式会社ゼンリン
9663.T,株式会社ナガワ
3679.T,株式会社じげん
4882.T,株式会社ペルセウスプロテオミクス
4238.T,ミライアル株式会社
3962.T,株式会社チェンジホールディングス
5036.T,日本ビジネスシステムズ株式会社
6298.T,ワイエイシイホールディングス株式会社
3968.T,セグエグループ株式会社
9755.T,応用地質株式会社
1762.T,株式会社髙松コンストラクショングループ
9115.T,明海グループ株式会社
3850.T,株式会社エヌ・ティ・ティ・データ・イントラマート
7231.T,トピー工業株式会社
8014.T,蝶理株式会社
3864.T,三菱製紙株式会社
7942.T,株式会社ジェイエスピー
3302.T,帝国繊維株式会社
9708.T,株式会社帝国ホテル
1786.T,オリエンタル白石株式会社
8150.T,三信電気株式会社
5885.T,株式会社ジーデップ・アドバンス
8131.T,株式会社ミツウロコグループホールディングス
6918.T,株式会社アバールデータ
8871.T,株式会社ゴールドクレスト
2484.T,株式会社出前館
5142.T,アキレス株式会社
7094.T,株式会社ＮｅｘＴｏｎｅ
4575.T,株式会社キャンバス
5011.T,ニチレキグループ株式会社
5129.T,株式会社ＦＩＸＥＲ
1301.T,株式会社　極洋
1822.T,大豊建設株式会社
6769.T,ザインエレクトロニクス株式会社
3558.T,ジェイドグループ株式会社
194A.T,株式会社ＷＯＬＶＥＳ　ＨＡＮＤ
6653.T,株式会社正興電機製作所
7965.T,象印マホービン株式会社
6418.T,日本金銭機械株式会社
4446.T,Ｌｉｎｋ－Ｕグループ株式会社
3817.T,株式会社ＳＲＡホールディングス
4628.T,エスケー化研株式会社
6877.T,ＯＢＡＲＡ　ＧＲＯＵＰ株式会社
6469.T,株式会社　放電精密加工研究所
8075.T,神鋼商事株式会社
2594.T,キーコーヒー株式会社
3984.T,株式会社ユーザーローカル
2674.T,株式会社ハードオフコーポレーション
4212.T,積水樹脂株式会社
6351.T,株式会社鶴見製作所
4228.T,積水化成品工業株式会社
7709.T,クボテック株式会社
367A.T,プリモグローバルホールディングス株式会社
5195.T,バンドー化学株式会社
9211.T,株式会社エフ・コード
153A.T,株式会社カウリス
5218.T,株式会社オハラ
8281.T,ゼビオホールディングス株式会社
1436.T,株式会社グリーンエナジー＆カンパニー
6238.T,フリュー株式会社
3189.T,株式会社ＡＮＡＰホールディングス
2060.T,フィード・ワン株式会社
7979.T,株式会社松風
6328.T,荏原実業株式会社
7917.T,ＺＡＣＲＯＳ株式会社
9610.T,ウィルソン・ラーニング　ワールドワイド株式会社
4743.T,株式会社アイティフォー
4888.T,ステラファーマ株式会社
4344.T,ソースネクスト株式会社
6289.T,株式会社技研製作所
5136.T,ｔｒｉｐｌａ株式会社
6993.T,大黒屋ホールディングス株式会社
9310.T,日本トランスシティ株式会社
7760.T,ＩＭＶ株式会社
9414.T,日本ＢＳ放送株式会社
7318.T,セレンディップ・ホールディングス株式会社
8157.T,都築電気株式会社
6381.T,アネスト岩田株式会社
6222.T,株式会社島精機製作所
6994.T,株式会社指月電機製作所
4011.T,株式会社ヘッドウォータース
3950.T,ザ・パック株式会社
6364.T,株式会社ＡＩＲＭＡＮ
3182.T,オイシックス・ラ・大地株式会社
8159.T,株式会社立花エレテック
9517.T,イーレックス株式会社
4025.T,多木化学株式会社
8877.T,エスリード株式会社
4169.T,ＥＮＥＣＨＡＮＧＥ株式会社
6420.T,ガリレイホールディングス株式会社
8244.T,株式会社近鉄百貨店
1976.T,明星工業株式会社
5821.T,平河ヒューテック株式会社
7537.T,丸文株式会社
5013.T,株式会社ユシロ
6240.T,ヤマシンフィルタ株式会社
3300.T,株式会社アンビションＤＸホールディングス
8746.T,ｕｎｂａｎｋｅｄ株式会社
4346.T,株式会社ＮＥＸＹＺ．Ｇｒｏｕｐ
6809.T,ＴＯＡ株式会社
9467.T,株式会社アルファポリス
6194.T,株式会社アトラエ
4534.T,持田製薬株式会社
7033.T,株式会社マネジメントソリューションズ
7860.T,エイベックス株式会社
4714.T,株式会社　リソー教育グループ
6337.T,株式会社テセック
8103.T,明和産業株式会社
7725.T,株式会社インターアクション
3201.T,日本毛織株式会社
479A.T,ＰＲＯＮＩ株式会社
8105.T,Ｂｉｔｃｏｉｎ　Ｊａｐａｎ株式会社
3837.T,アドソル日進株式会社
8142.T,株式会社トーホー
6425.T,株式会社ユニバーサルエンターテインメント
8704.T,トレイダーズホールディングス株式会社
6928.T,株式会社エノモト
4848.T,株式会社フルキャストホールディングス
6357.T,三精テクノロジーズ株式会社
4375.T,セーフィー株式会社
3168.T,株式会社ＭＥＲＦ
1887.T,日本国土開発株式会社
5834.T,ＳＢＩリーシングサービス株式会社
7510.T,株式会社たけびし
4691.T,ワシントンホテル株式会社
6823.T,リオン株式会社
4595.T,株式会社ミズホメディー
4027.T,テイカ株式会社
7949.T,小松ウオール工業株式会社
4316.T,株式会社ビーマップ
6629.T,テクノホライゾン株式会社
4883.T,株式会社モダリス
6255.T,株式会社エヌ・ピー・シー
5988.T,株式会社パイオラックス
3763.T,株式会社プロシップ
4847.T,株式会社インテリジェント　ウェイブ
9227.T,マイクロ波化学株式会社
3939.T,株式会社カナミックネットワーク
2820.T,株式会社やまみ
6062.T,株式会社チャーム・ケア・コーポレーション
7607.T,株式会社進和
3151.T,株式会社バイタルケーエスケー・ホールディングス
6464.T,株式会社ツバキ・ナカシマ
2053.T,中部飼料株式会社
4992.T,北興化学工業株式会社
9052.T,山陽電気鉄道株式会社
1433.T,ベステラ株式会社
4370.T,モビルス株式会社
3565.T,アセンテック株式会社
2429.T,株式会社ワールドホールディングス
7421.T,カッパ・クリエイト株式会社
368A.T,株式会社北里
6637.T,寺崎電気産業株式会社
6564.T,株式会社ミダックホールディングス
3415.T,株式会社ＴＯＫＹＯ　ＢＡＳＥ
5408.T,株式会社中山製鋼所
8070.T,東京産業株式会社
4620.T,藤倉化成株式会社
4026.T,神島化学工業株式会社
3901.T,マークラインズ株式会社
4931.T,新日本製薬株式会社
9782.T,株式会社ディーエムエス
8198.T,マックスバリュ東海株式会社
4396.T,株式会社システムサポートホールディングス
341A.T,株式会社トヨコー
7102.T,日本車輌製造株式会社
5976.T,高周波熱錬株式会社
6333.T,株式会社ＴＥＩＫＯＫＵ
7512.T,イオン北海道株式会社
3431.T,宮地エンジニアリンググループ株式会社
4668.T,株式会社明光ネットワークジャパン
5240.T,ｍｏｎｏＡＩ　ｔｅｃｈｎｏｌｏｇｙ株式会社
2266.T,六甲バター株式会社
8537.T,株式会社大光銀行
9305.T,株式会社ヤマタネ
4611.T,大日本塗料株式会社
3196.T,株式会社ホットランドホールディングス
5698.T,株式会社エンビプロ・ホールディングス
4826.T,株式会社ＣＩＪ
3561.T,株式会社力の源ホールディングス
8081.T,株式会社カナデン
3179.T,シュッピン株式会社
3393.T,スターティアホールディングス株式会社
2158.T,株式会社ＦＲＯＮＴＥＯ
3798.T,ＵＬＳグループ株式会社
9369.T,株式会社キユーソー流通システム
6413.T,理想科学工業株式会社
3333.T,株式会社あさひ
9979.T,株式会社大庄
9270.T,バリュエンスホールディングス株式会社
4434.T,株式会社サーバーワークス
2325.T,株式会社ＮＪＳ
3708.T,特種東海製紙株式会社
431A.T,ユーソナー株式会社
6430.T,ダイコク電機株式会社
5273.T,三谷セキサン株式会社
7522.T,ワタミ株式会社
7914.T,共同印刷株式会社
8364.T,株式会社清水銀行
8562.T,株式会社　福島銀行
4251.T,恵和株式会社
4422.T,ＶＡＬＵＥＮＥＸ株式会社
3150.T,株式会社グリムス
7637.T,白銅株式会社
5946.T,株式会社長府製作所
6247.T,株式会社日阪製作所
1929.T,日特建設株式会社
3548.T,株式会社バロックジャパンリミテッド
3374.T,内外テック株式会社
5033.T,株式会社ヌーラボ
9628.T,燦ホールディングス株式会社
8935.T,株式会社ＦＪネクストホールディングス
8066.T,三谷商事株式会社
7071.T,株式会社アンビスホールディングス
4886.T,あすか製薬ホールディングス株式会社
5287.T,株式会社イトーヨーギョー
3486.T,株式会社グローバル・リンク・マネジメント
276A.T,ククレブ・アドバイザーズ株式会社
3983.T,株式会社オロ
147A.T,株式会社ソラコム
8929.T,株式会社青山財産ネットワークス
